Description,ImageFile,Condition
いか,ika.jpg,H
腕時計,udedokei.jpg,H
エプロン,epuron.jpg,H
カメラ,kamera.jpg,H
きゅうり,kyuuri.jpg,H
靴下,kutushita.jpg,H
コイン,koin.jpg,H
こたつ,kotatu.jpg,H
シーソー,si-so-.jpg,H
磁石,jisyaku.jpg,H
スーツ,su-tu.jpg,H
鈴,suzu.jpg,H
寿司,sushi.jpg,H
砂時計,sunadokei.jpg,H
ソファー,sofa-.jpg,H
タイヤ,taiya.jpg,H
チューリップ,tyu-rippu.jpg,H
爪,tume.jpg,H
電車,densya.jpg,H
ドア,doa.jpg,H
時計,tokei.jpg,H
鳥,tori.jpg,H
ナイフ,naihu.jpg,H
なすび,nasubi.jpg,H
にわとり,niwatori.jpg,H
ねこ,neko.jpg,H
ノート　,no-to.jpg,H
バケツ,baketu.jpg,H
箱,hako.jpg,H
旗,hata.jpg,H
蜂,hachi.jpg,H
バット,batto.jpg,H
葉っぱ,happa.jpg,H
パン,pan.jpg,H
ハンガー,hanga-.jpg,H
羊,hituji.jpg,H
封筒,huutou.jpg,H
筆箱,hudebako.jpg,H
ヘルメット,herumetto.jpg,H
ほうき,houki.jpg,H
ボール,bo-ru.jpg,H
枕,makura.jpg,H
指輪,yubiwa.jpg,H
ライター,raita-.jpg,H
ランドセル,randoseru.jpg,H
りんご,ringo.jpg,H
ロッカー,rokka-.jpg,H
ワニ,wani.jpg,H
いちご,ichigo.jpg,L
うさぎ,usagi.jpg,L
エアコン,eakon.jpg,L
亀,kame.jpg,L
救急車,kyuukyuusya.jpg,L
クレヨン,kureyon.jpg,L
コップ,koppu.jpg,L
こけし,kokeshi.jpg,L
新聞,shinbun.jpg,L
自転車,jitensya.jpg,L
スカート,suka-to.jpg,L
スプーン,supu-n.jpg,L
ストロー,sutoro-.jpg,L
滑り台,suberidai.jpg,L
掃除機,soujiki.jpg,L
大砲,taihou.jpg,L
注射器,tyuusyaki.jpg,L
机,tukue.jpg,L
電卓,dentaku.jpg,L
ドライヤー,doraiya-.jpg,L
トラック,torakku.jpg,L
トランペット,toranpetto.jpg,L
鍋,nabe.jpg,L
縄跳び,nawatobi.jpg,L
にんじん,ninjin.jpg,L
ねずみ,nezumi.jpg,L
のこぎり,nokogiri.jpg,L
バナナ,banana.jpg,L
ハサミ,hasami.jpg,L
箸,hashi.jpg,L
ハブラシ,haburashi.jpg,L
バッタ,batta.jpg,L
はしご,hashigo.jpg,L
パソコン,pasokon.jpg,L
はんこ,hanko.jpg,L
飛行機,hikouki.jpg,L
船,hune.jpg,L
フライパン,huraipan.jpg,L
へび,hebi.jpg,L
包丁,houtyou.jpg,L
帽子,boushi.jpg,L
まな板,manaita.jpg,L
湯のみ,yunomi.jpg,L
ラジオ,rajio.jpg,L
ラケット,raketto.jpg,L
リコーダー,riko-da-.jpg,L
ロボット,robotto.jpg,L
ワンピース,wanpi-su.jpg,L
